CREATE DATABASE QUANLYBANVECHUYENBAY

DROP DATABASE QUANLYBANVECHUYENBAY

USE QUANLYBANVECHUYENBAY

DROP TABLE DANHSACHGHECUAMAYBAY

CREATE TABLE CHUYENBAY (
    MaChuyenBay CHAR(10) PRIMARY KEY,
    MaTuyenBay CHAR(10) NOT NULL, 
    MaSanBayDi CHAR(10) NOT NULL, 
    MaSanBayDen CHAR(10) NOT NULL, 
    MaMayBay CHAR(10) NOT NULL, 
    NgayBay DATE NOT NULL,
    GioKhoiHanh TIME NOT NULL,
    ThoiLuong FLOAT NOT NULL,
    DonGia MONEY NOT NULL,
)

CREATE TABLE CTSANBAYTRUNGGIAN (
    MaChuyenBay CHAR(10) NOT NULL,
    MaSanBayTrungGian CHAR(10) NOT NULL,
    ThoiGianDung INT NOT NULL,
    GhiChu NVARCHAR(50),
    PRIMARY KEY (MaChuyenBay, MaSanBayTrungGian)
)

CREATE TABLE SANBAY (
    MaSanBay CHAR(10) PRIMARY KEY,
    TenSanBay NVARCHAR(50) NOT NULL,
    DiaChi NVARCHAR(50) NOT NULL,
    MaQuocGia CHAR(10) NOT NULL
)

CREATE TABLE HANGVE (
    MaHangVe CHAR(10) PRIMARY KEY,
    TenHangVe VARCHAR(255) NOT NULL,
    TiLeTinhDonGia FLOAT NOT NULL
)

CREATE TABLE CHITIETHANGVE (
    MaHangVe CHAR(10) NOT NULL,
    MaChuyenBay CHAR(10) NOT NULL,
    GiaVe MONEY NOT NULL,
    SoGheChoHangVe INT NOT NULL,
    SoVeDaBan INT NOT NULL,
    SoGheDat INT NOT NULL,
    SoGheConLai AS (SoGheChoHangVe - SoVeDaBan - SoGheDat),
    PRIMARY KEY (MaHangVe, MaChuyenBay)
)

CREATE TABLE HANHKHACH (
	MaHanhKhach CHAR(10) PRIMARY KEY,
	HoTen NVARCHAR(255),
	CCCD VARCHAR(12),
	DienThoai VARCHAR(10),
	Email VARCHAR(255),
)

CREATE TABLE VECHUYENBAY(
	MaVe CHAR(10) PRIMARY KEY,
	NgayXuatVe DATETIME NOT NULL,
	MaChuyenBay CHAR(10) NOT NULL,
	MaHangVe CHAR(10) NOT NULL,
	MaHanhKhach CHAR(10) NOT NULL,
	MaGhe CHAR(10) NOT NULL,
)

CREATE TABLE PHIEUDATCHO(
	SoPhieuDatCho CHAR(10) PRIMARY KEY,
	NgayDat SMALLDATETIME,
	MaHanhKhach CHAR(10),
	MaHangVe CHAR(10),
	MaChuyenBay CHAR(10),
	MaGhe CHAR(10),
	TinhTrang NVARCHAR(10),
)

CREATE TABLE CTDOANHTHUTHANG(
	MaChuyenBay CHAR(10),
	Thang INT,
	Nam INT,
	SoVe INT NOT NULL,
	TiLeThang FLOAT NOT NULL,
	DoanhThuThang MONEY NOT NULL,
	PRIMARY KEY (MaChuyenBay, Thang, Nam)
)

CREATE TABLE CTDOANHTHUNAM(
	Thang INT,
	Nam INT,
	SoChuyenBay INT NOT NULL,
	DoanhThuNam MONEY NOT NULL,
	TiLeNam FLOAT NOT NULL,
	PRIMARY KEY (Thang, Nam)
)

CREATE TABLE DOANHTHUNAM(
	NAM INT PRIMARY KEY, 
	TONGDOANHTHUNAM MONEY
)

CREATE TABLE THAMSO(
	SoSanBayTrungGianToiDa tinyint NOT NULL,
	ThoiGianBayToiThieu int NOT NULL,
	ThoiGianDungToiThieu int NOT NULL,
	ThoiGianDungToiDa int NOT NULL,
	ThoiGianDatVeChamNhat tinyint NOT NULL,
	ThoiGianHuyVeDatVe tinyint NOT NULL
)

CREATE TABLE DANHSACHGHECUAMAYBAY(
	MaGhe CHAR(10) PRIMARY KEY, -- VN123A1
	SoGhe CHAR(10) NOT NULL, -- A1
	MaMayBay CHAR(10) NOT NULL, -- VN123
	GhiChu NVARCHAR(20)
)

CREATE TABLE MAYBAY (
	MaMayBay CHAR(10) PRIMARY KEY,
	TenMayBay NVARCHAR(50) NOT NULL,
	MaHangMayBay CHAR(10) NOT NULL,
	SoLuongGhe INT NOT NULL
)

CREATE TABLE HANGMAYBAY(
	MaHangMayBay CHAR(10) PRIMARY KEY,
	TenHang NVARCHAR(50) NOT NULL
)

CREATE TABLE TUYENBAY(
	MaTuyenBay CHAR(10) PRIMARY KEY,
	MaQuocGiaDi CHAR(10) NOT NULL, 
	MaQuocGiaDen CHAR(10) NOT NULL 
)

CREATE TABLE QUOCGIA(
	MaQuocGia CHAR(10) PRIMARY KEY,
	TenQuocGia NVARCHAR(50) NOT NULL
)

ALTER TABLE CHUYENBAY ADD FOREIGN KEY (MaTuyenBay) REFERENCES TUYENBAY(MaTuyenBay)
ALTER TABLE CHUYENBAY ADD FOREIGN KEY (MaSanBayDi) REFERENCES SANBAY(MaSanBay)
ALTER TABLE CHUYENBAY ADD FOREIGN KEY (MaSanBayDen) REFERENCES SANBAY(MaSanBay)  
ALTER TABLE CHUYENBAY ADD FOREIGN KEY (MaMayBay) REFERENCES MAYBAY(MaMayBay)

ALTER TABLE CTSANBAYTRUNGGIAN ADD FOREIGN KEY (MaChuyenBay) REFERENCES CHUYENBAY(MaChuyenBay)

ALTER TABLE SANBAY ADD FOREIGN KEY (MaQuocGia) REFERENCES QUOCGIA(MaQuocGia)

ALTER TABLE CHITIETHANGVE ADD FOREIGN KEY (MaHangVe) REFERENCES HANGVE(MaHangVe)
ALTER TABLE CHITIETHANGVE ADD FOREIGN KEY (MaChuyenBay) REFERENCES CHUYENBAY(MaChuyenBay)

ALTER TABLE VECHUYENBAY ADD FOREIGN KEY (MaHangVe, MaChuyenBay) REFERENCES CHITIETHANGVE(MaHangVe, MaChuyenBay)
ALTER TABLE VECHUYENBAY ADD FOREIGN KEY (MaHanhKhach) REFERENCES HANHKHACH(MaHanhKhach)  
ALTER TABLE VECHUYENBAY ADD FOREIGN KEY (MaGhe) REFERENCES DANHSACHGHECUAMAYBAY(MaGhe)  

ALTER TABLE PHIEUDATCHO ADD FOREIGN KEY (MaHangVe, MaChuyenBay) REFERENCES CHITIETHANGVE(MaHangVe, MaChuyenBay)
ALTER TABLE PHIEUDATCHO ADD FOREIGN KEY (MaHanhKhach) REFERENCES HANHKHACH(MaHanhKhach)  
ALTER TABLE PHIEUDATCHO ADD FOREIGN KEY (MaGhe) REFERENCES DANHSACHGHECUAMAYBAY(MaGhe)  

ALTER TABLE CTDOANHTHUTHANG ADD FOREIGN KEY (MaChuyenBay) REFERENCES CHUYENBAY(MaChuyenBay)
ALTER TABLE CTDOANHTHUTHANG ADD FOREIGN KEY (Thang, Nam) REFERENCES CTDOANHTHUNAM(Thang, Nam)

ALTER TABLE CTDOANHTHUNAM ADD FOREIGN KEY (Nam) REFERENCES DOANHTHUNAM(Nam)

ALTER TABLE DANHSACHGHECUAMAYBAY ADD FOREIGN KEY (MaMayBay) REFERENCES MAYBAY(MaMayBay)

ALTER TABLE MAYBAY ADD FOREIGN KEY (MaHangMayBay) REFERENCES HANGMAYBAY(MaHangMayBay)

ALTER TABLE TUYENBAY ADD FOREIGN KEY (MaQuocGiaDi) REFERENCES QUOCGIA(MaQuocGia)
ALTER TABLE TUYENBAY ADD FOREIGN KEY (MaQuocGiaDen) REFERENCES QUOCGIA(MaQuocGia)

INSERT INTO QUOCGIA (MaQuocGia, TenQuocGia) VALUES
('VN', N'Việt Nam'),
('SG', N'Singapore'),
('JP', N'Nhật Bản'),
('KR', N'Hàn Quốc'),
('TH', N'Thái Lan');

INSERT INTO SANBAY (MaSanBay, TenSanBay, DiaChi, MaQuocGia) VALUES
('PUS', N'Sân bay Busan', 'Busan', 'KR'),
('ICN', N'Sân bay Seoul', 'Seoul', 'KR'),
('BKK', N'Sân bay Bangkok', 'Bangkok', 'TH'),
('HKT', N'Sân bay Phuket', 'Phuket', 'TH'),
('SINA', N'Sân bay Changi', 'Changi', 'SG'),
('TYOA', N'Sân bay Tokyo', 'Tokyo', 'JP'),
('SGN', N'Sân bay Tân Sơn Nhất', N'Sài Gòn', 'VN'),
('HAN', N'Sân bay quốc tế Nội Bài', N'Hà Nội', 'VN'),
('DAD', N'Sân bay Đà Nẵng', N'Đà Nẵng', 'VN');

INSERT INTO HANGMAYBAY VALUES 
('VA', 'Vietnam Airlines'),
('VJ', 'Viet Jet'),
('BH', 'Bamboo Airway'),
('KAL', 'Korea Air'),
('BX', 'Air Busan'),
('JL', 'Japan Airlines'),
('TG', 'Thai Airways'),
('3K', 'Jestar Asia Airway');

INSERT INTO HANGVE VALUES
('BC', N'Thương Gia', 1.05),
('EC', N'Phổ thông', 1);

INSERT INTO HANHKHACH VALUES
('HK001', N'Nguyễn Khánh Nguyên', '074204432576', '0322339640', 'nguyennk@gmail.com'),
('HK002', N'Nguyễn Thị Hồng', '064204912456', '0982365147', 'hongnt@gmail.com'),
('HK003', N'Trần Trọng Nhân', '078203234567', '0356987123', 'nhantt@gmail.com');

INSERT INTO MAYBAY VALUES
('VA-A886', 'BoeingA886', 'VA', 100),
('VA-A321', 'AirbusA321', 'VA', 150),
('VJ-B103', 'BoeingB103', 'VJ', 200);

INSERT INTO TUYENBAY (MaTuyenBay, MaQuocGiaDi, MaQuocGiaDen) VALUES
('HAN-SGN', 'VN', 'VN'),
('DAD-SGN', 'VN', 'VN'),
('SGN-HAN', 'VN', 'VN'),
('SGN-DAD', 'VN', 'VN'),
('SGN-PUS', 'VN', 'KR'),
('HAN-ICN', 'VN', 'KR'),
('DAD-BKK', 'VN', 'TH'),
('SGN-HKT', 'VN', 'TH'),
('BKK-SGN', 'TH', 'VN'),
('SINA-SGN', 'SG', 'VN'),
('HAN-SINA', 'VN', 'SG'),
('SGN-TYOA', 'VN', 'JP');

INSERT INTO CHUYENBAY (MaChuyenBay, MaTuyenBay, MaSanBayDi, MaSanBayDen, MaMayBay, NgayBay, GioKhoiHanh, ThoiLuong, DonGia) VALUES
('VA 363', 'HAN-SGN', 'HAN', 'SGN', 'VA-A886', '2024-07-16', '08:00', 2, 1500000),
('VA 777', 'SGN-HAN', 'SGN', 'HAN', 'VA-A886', '2024-07-24', '09:00', 2, 1300000),
('VA 323', 'HAN-ICN', 'HAN', 'ICN', 'VA-A321', '2024-07-23', '19:00', 4, 869000),
('VJ 472', 'DAD-SGN', 'DAD', 'SGN', 'VJ-B103', '2024-06-11', '21:00', 1, 789000);

INSERT INTO CHITIETHANGVE (MaHangVe, MaChuyenBay, GiaVe, SoGheChoHangVe, SoVeDaBan, SoGheDat) VALUES
('BC', 'VA 363', 1575000, 30, 15, 7),
('EC', 'VA 363', 1575000, 70, 53, 10),
('BC', 'VA 777', 1365000, 30, 15, 7),
('EC', 'VA 777', 1300000, 70, 5, 10),
('BC', 'VA 323', 912450, 50, 26, 9),
('EC', 'VA 323', 869000, 100, 67, 16),
('BC', 'VJ 472', 828450, 70, 45, 10),
('EC', 'VJ 472', 789000, 130, 120, 7);

INSERT INTO CTSANBAYTRUNGGIAN VALUES
('VA 363', 'DAD', 1, NULL),
('VA 777', 'DAD', 1, NULL);

INSERT INTO CTDOANHTHUTHANG VALUES
('VA 363', 7, 2024),
('VA 323', 7, 2024),
('VA 777', 7, 2024),
('VJ 472', 6, 2024);

INSERT INTO CTDOANHTHUNAM VALUES
(6, 2024),
(7, 2024);

-- Section A
INSERT INTO DANHSACHGHECUAMAYBAY VALUES ('VAA886A01', 'A01', 'VA-A886', NULL);
INSERT INTO DANHSACHGHECUAMAYBAY VALUES ('VAA886A02', 'A02', 'VA-A886', NULL);
INSERT INTO DANHSACHGHECUAMAYBAY VALUES ('VAA886A03', 'A03', 'VA-A886', NULL);
INSERT INTO DANHSACHGHECUAMAYBAY VALUES ('VAA886A04', 'A04', 'VA-A886', NULL);
INSERT INTO DANHSACHGHECUAMAYBAY VALUES ('VAA886A05', 'A05', 'VA-A886', NULL);
INSERT INTO DANHSACHGHECUAMAYBAY VALUES ('VAA886A06', 'A06', 'VA-A886', NULL);
INSERT INTO DANHSACHGHECUAMAYBAY VALUES ('VAA886A07', 'A07', 'VA-A886', NULL);
INSERT INTO DANHSACHGHECUAMAYBAY VALUES ('VAA886A08', 'A08', 'VA-A886', NULL);
INSERT INTO DANHSACHGHECUAMAYBAY VALUES ('VAA886A09', 'A09', 'VA-A886', NULL);
INSERT INTO DANHSACHGHECUAMAYBAY VALUES ('VAA886A10', 'A10', 'VA-A886', NULL);
INSERT INTO DANHSACHGHECUAMAYBAY VALUES ('VAA886A11', 'A11', 'VA-A886', NULL);
INSERT INTO DANHSACHGHECUAMAYBAY VALUES ('VAA886A12', 'A12', 'VA-A886', NULL);
INSERT INTO DANHSACHGHECUAMAYBAY VALUES ('VAA886A13', 'A13', 'VA-A886', NULL);
INSERT INTO DANHSACHGHECUAMAYBAY VALUES ('VAA886A14', 'A14', 'VA-A886', NULL);
INSERT INTO DANHSACHGHECUAMAYBAY VALUES ('VAA886A15', 'A15', 'VA-A886', NULL);

INSERT INTO DANHSACHGHECUAMAYBAY VALUES ('VAA886B01', 'B01', 'VA-A886', NULL);
INSERT INTO DANHSACHGHECUAMAYBAY VALUES ('VAA886B02', 'B02', 'VA-A886', NULL);
INSERT INTO DANHSACHGHECUAMAYBAY VALUES ('VAA886B03', 'B03', 'VA-A886', NULL);
INSERT INTO DANHSACHGHECUAMAYBAY VALUES ('VAA886B04', 'B04', 'VA-A886', NULL);
INSERT INTO DANHSACHGHECUAMAYBAY VALUES ('VAA886B05', 'B05', 'VA-A886', NULL);
INSERT INTO DANHSACHGHECUAMAYBAY VALUES ('VAA886B06', 'B06', 'VA-A886', NULL);
INSERT INTO DANHSACHGHECUAMAYBAY VALUES ('VAA886B07', 'B07', 'VA-A886', NULL);
INSERT INTO DANHSACHGHECUAMAYBAY VALUES ('VAA886B08', 'B08', 'VA-A886', NULL);
INSERT INTO DANHSACHGHECUAMAYBAY VALUES ('VAA886B09', 'B09', 'VA-A886', NULL);
INSERT INTO DANHSACHGHECUAMAYBAY VALUES ('VAA886B10', 'B10', 'VA-A886', NULL);
INSERT INTO DANHSACHGHECUAMAYBAY VALUES ('VAA886B11', 'B11', 'VA-A886', NULL);
INSERT INTO DANHSACHGHECUAMAYBAY VALUES ('VAA886B12', 'B12', 'VA-A886', NULL);
INSERT INTO DANHSACHGHECUAMAYBAY VALUES ('VAA886B13', 'B13', 'VA-A886', NULL);
INSERT INTO DANHSACHGHECUAMAYBAY VALUES ('VAA886B14', 'B14', 'VA-A886', NULL);
INSERT INTO DANHSACHGHECUAMAYBAY VALUES ('VAA886B15', 'B15', 'VA-A886', NULL);

INSERT INTO DANHSACHGHECUAMAYBAY VALUES ('VAA886C01', 'C01', 'VA-A886', NULL);
INSERT INTO DANHSACHGHECUAMAYBAY VALUES ('VAA886C02', 'C02', 'VA-A886', NULL);
INSERT INTO DANHSACHGHECUAMAYBAY VALUES ('VAA886C03', 'C03', 'VA-A886', NULL);
INSERT INTO DANHSACHGHECUAMAYBAY VALUES ('VAA886C04', 'C04', 'VA-A886', NULL);
INSERT INTO DANHSACHGHECUAMAYBAY VALUES ('VAA886C05', 'C05', 'VA-A886', NULL);
INSERT INTO DANHSACHGHECUAMAYBAY VALUES ('VAA886C06', 'C06', 'VA-A886', NULL);
INSERT INTO DANHSACHGHECUAMAYBAY VALUES ('VAA886C07', 'C07', 'VA-A886', NULL);
INSERT INTO DANHSACHGHECUAMAYBAY VALUES ('VAA886C08', 'C08', 'VA-A886', NULL);
INSERT INTO DANHSACHGHECUAMAYBAY VALUES ('VAA886C09', 'C09', 'VA-A886', NULL);
INSERT INTO DANHSACHGHECUAMAYBAY VALUES ('VAA886C10', 'C10', 'VA-A886', NULL);
INSERT INTO DANHSACHGHECUAMAYBAY VALUES ('VAA886C11', 'C11', 'VA-A886', NULL);
INSERT INTO DANHSACHGHECUAMAYBAY VALUES ('VAA886C12', 'C12', 'VA-A886', NULL);
INSERT INTO DANHSACHGHECUAMAYBAY VALUES ('VAA886C13', 'C13', 'VA-A886', NULL);
INSERT INTO DANHSACHGHECUAMAYBAY VALUES ('VAA886C14', 'C14', 'VA-A886', NULL);
INSERT INTO DANHSACHGHECUAMAYBAY VALUES ('VAA886C15', 'C15', 'VA-A886', NULL);

-- Sections D, E, and F would follow the same pattern as above.
INSERT INTO DANHSACHGHECUAMAYBAY VALUES ('VAA886D01', 'D01', 'VA-A886', NULL);
INSERT INTO DANHSACHGHECUAMAYBAY VALUES ('VAA886D02', 'D02', 'VA-A886', NULL);
INSERT INTO DANHSACHGHECUAMAYBAY VALUES ('VAA886D03', 'D03', 'VA-A886', NULL);
INSERT INTO DANHSACHGHECUAMAYBAY VALUES ('VAA886D04', 'D04', 'VA-A886', NULL);
INSERT INTO DANHSACHGHECUAMAYBAY VALUES ('VAA886D05', 'D05', 'VA-A886', NULL);
INSERT INTO DANHSACHGHECUAMAYBAY VALUES ('VAA886D06', 'D06', 'VA-A886', NULL);
INSERT INTO DANHSACHGHECUAMAYBAY VALUES ('VAA886D07', 'D07', 'VA-A886', NULL);
INSERT INTO DANHSACHGHECUAMAYBAY VALUES ('VAA886D08', 'D08', 'VA-A886', NULL);
INSERT INTO DANHSACHGHECUAMAYBAY VALUES ('VAA886D09', 'D09', 'VA-A886', NULL);
INSERT INTO DANHSACHGHECUAMAYBAY VALUES ('VAA886D10', 'D10', 'VA-A886', NULL);
INSERT INTO DANHSACHGHECUAMAYBAY VALUES ('VAA886D11', 'D11', 'VA-A886', NULL);
INSERT INTO DANHSACHGHECUAMAYBAY VALUES ('VAA886D12', 'D12', 'VA-A886', NULL);
INSERT INTO DANHSACHGHECUAMAYBAY VALUES ('VAA886D13', 'D13', 'VA-A886', NULL);
INSERT INTO DANHSACHGHECUAMAYBAY VALUES ('VAA886D14', 'D14', 'VA-A886', NULL);
INSERT INTO DANHSACHGHECUAMAYBAY VALUES ('VAA886D15', 'D15', 'VA-A886', NULL);

INSERT INTO DANHSACHGHECUAMAYBAY VALUES ('VAA886E01', 'E01', 'VA-A886', NULL);
INSERT INTO DANHSACHGHECUAMAYBAY VALUES ('VAA886E02', 'E02', 'VA-A886', NULL);
INSERT INTO DANHSACHGHECUAMAYBAY VALUES ('VAA886E03', 'E03', 'VA-A886', NULL);
INSERT INTO DANHSACHGHECUAMAYBAY VALUES ('VAA886E04', 'E04', 'VA-A886', NULL);
INSERT INTO DANHSACHGHECUAMAYBAY VALUES ('VAA886E05', 'E05', 'VA-A886', NULL);
INSERT INTO DANHSACHGHECUAMAYBAY VALUES ('VAA886E06', 'E06', 'VA-A886', NULL);
INSERT INTO DANHSACHGHECUAMAYBAY VALUES ('VAA886E07', 'E07', 'VA-A886', NULL);
INSERT INTO DANHSACHGHECUAMAYBAY VALUES ('VAA886E08', 'E08', 'VA-A886', NULL);
INSERT INTO DANHSACHGHECUAMAYBAY VALUES ('VAA886E09', 'E09', 'VA-A886', NULL);
INSERT INTO DANHSACHGHECUAMAYBAY VALUES ('VAA886E10', 'E10', 'VA-A886', NULL);
INSERT INTO DANHSACHGHECUAMAYBAY VALUES ('VAA886E11', 'E11', 'VA-A886', NULL);
INSERT INTO DANHSACHGHECUAMAYBAY VALUES ('VAA886E12', 'E12', 'VA-A886', NULL);
INSERT INTO DANHSACHGHECUAMAYBAY VALUES ('VAA886E13', 'E13', 'VA-A886', NULL);
INSERT INTO DANHSACHGHECUAMAYBAY VALUES ('VAA886E14', 'E14', 'VA-A886', NULL);
INSERT INTO DANHSACHGHECUAMAYBAY VALUES ('VAA886E15', 'E15', 'VA-A886', NULL);

INSERT INTO DANHSACHGHECUAMAYBAY VALUES ('VAA886F01', 'F01', 'VA-A886', NULL);
INSERT INTO DANHSACHGHECUAMAYBAY VALUES ('VAA886F02', 'F02', 'VA-A886', NULL);
INSERT INTO DANHSACHGHECUAMAYBAY VALUES ('VAA886F03', 'F03', 'VA-A886', NULL);
INSERT INTO DANHSACHGHECUAMAYBAY VALUES ('VAA886F04', 'F04', 'VA-A886', NULL);
INSERT INTO DANHSACHGHECUAMAYBAY VALUES ('VAA886F05', 'F05', 'VA-A886', NULL);
INSERT INTO DANHSACHGHECUAMAYBAY VALUES ('VAA886F06', 'F06', 'VA-A886', NULL);
INSERT INTO DANHSACHGHECUAMAYBAY VALUES ('VAA886F07', 'F07', 'VA-A886', NULL);
INSERT INTO DANHSACHGHECUAMAYBAY VALUES ('VAA886F08', 'F08', 'VA-A886', NULL);
INSERT INTO DANHSACHGHECUAMAYBAY VALUES ('VAA886F09', 'F09', 'VA-A886', NULL);
INSERT INTO DANHSACHGHECUAMAYBAY VALUES ('VAA886F10', 'F10', 'VA-A886', NULL);
INSERT INTO DANHSACHGHECUAMAYBAY VALUES ('VAA886F11', 'F11', 'VA-A886', NULL);
INSERT INTO DANHSACHGHECUAMAYBAY VALUES ('VAA886F12', 'F12', 'VA-A886', NULL);
INSERT INTO DANHSACHGHECUAMAYBAY VALUES ('VAA886F13', 'F13', 'VA-A886', NULL);
INSERT INTO DANHSACHGHECUAMAYBAY VALUES ('VAA886F14', 'F14', 'VA-A886', NULL);
INSERT INTO DANHSACHGHECUAMAYBAY VALUES ('VAA886F15', 'F15', 'VA-A886', NULL);


DELETE FROM HANGMAYBAY
DELETE FROM CHUYENBAY
DELETE FROM CHITIETHANGVE

SELECT * FROM DANHSACHGHECUAMAYBAY
SELECT * FROM CTSANBAYTRUNGGIAN
SELECT * FROM CHITIETHANGVE
SELECT * FROM TUYENBAY
SELECT * FROM CHUYENBAY
SELECT * FROM SANBAY
SELECT * FROM MAYBAY
SELECT * FROM HANGVE
SELECT * FROM HANHKHACH
SELECT * FROM HANGMAYBAY
SELECT * FROM SANBAY
